time step,id,x,y,z
0,1205,0.254022,0.300886,0.320418
0,1207,0.45774,0.0361776,0.509637
0,1203,0.0129087,0.511254,0.106893
0,1204,0.936758,0.655862,0.492376
0,1210,0.892137,0.819599,0.361667
0,1208,0.772525,0.803596,0.020345
0,1201,0.240651,0.43361,0.770335
0,1202,0.419338,0.875182,0.674894
0,1206,0.344327,0.906996,0.870896
0,1209,0.439541,0.653606,0.925497
1,1205,0.253983,0.300896,0.320424
1,1207,0.457711,0.0361757,0.509647
1,1203,0.0129202,0.51125,0.106909
1,1204,0.936726,0.655878,0.492436
1,1210,0.892177,0.819603,0.361664
1,1208,0.772542,0.803567,0.0203447
1,1201,0.240644,0.433629,0.770369
1,1202,0.419349,0.87519,0.674873
1,1206,0.344304,0.906959,0.870909
1,1209,0.439518,0.653569,0.92549
2,1205,0.253943,0.300906,0.320429
2,1207,0.457682,0.0361735,0.509658
2,1203,0.0129316,0.511246,0.106924
2,1204,0.936695,0.655894,0.492495
2,1210,0.892217,0.819606,0.361662
2,1208,0.772559,0.803538,0.0203448
2,1201,0.240638,0.433649,0.770402
2,1202,0.41936,0.875199,0.674853
2,1206,0.344282,0.906921,0.870922
2,1209,0.439496,0.653532,0.925482
3,1205,0.253902,0.300916,0.320435
3,1207,0.457654,0.0361711,0.509668
3,1203,0.0129429,0.511242,0.106938
3,1204,0.936663,0.655911,0.492554
3,1210,0.892257,0.819611,0.361659
3,1208,0.772577,0.803508,0.0203455
3,1201,0.240632,0.433669,0.770437
3,1202,0.419371,0.875207,0.674832
3,1206,0.34426,0.906884,0.870935
3,1209,0.439473,0.653495,0.925474
4,1205,0.253862,0.300926,0.320441
4,1207,0.457626,0.0361685,0.509679
4,1203,0.012954,0.511238,0.106952
4,1204,0.936631,0.655927,0.492614
4,1210,0.892297,0.819615,0.361656
4,1208,0.772595,0.803479,0.0203466
4,1201,0.240627,0.433689,0.770472
4,1202,0.419381,0.875214,0.674811
4,1206,0.344238,0.906848,0.870947
4,1209,0.43945,0.653458,0.925465
5,1205,0.253821,0.300936,0.320447
5,1207,0.457598,0.0361656,0.50969
5,1203,0.012965,0.511235,0.106965
5,1204,0.936599,0.655944,0.492674
5,1210,0.892338,0.819619,0.361652
5,1208,0.772614,0.803449,0.0203481
5,1201,0.240621,0.43371,0.770507
5,1202,0.419391,0.875222,0.67479
5,1206,0.344217,0.906811,0.870959
5,1209,0.439427,0.653421,0.925457
6,1205,0.25378,0.300947,0.320453
6,1207,0.457571,0.0361625,0.509701
6,1203,0.0129759,0.511232,0.106978
6,1204,0.936567,0.655961,0.492733
6,1210,0.892378,0.819624,0.361649
6,1208,0.772633,0.803419,0.0203502
6,1201,0.240615,0.43373,0.770543
6,1202,0.4194,0.875229,0.674769
6,1206,0.344196,0.906775,0.870971
6,1209,0.439403,0.653383,0.925448
7,1205,0.253738,0.300957,0.320459
7,1207,0.457544,0.0361591,0.509713
7,1203,0.0129867,0.511228,0.106991
7,1204,0.936535,0.655978,0.492793
7,1210,0.892418,0.819628,0.361645
7,1208,0.772652,0.803389,0.0203527
7,1201,0.24061,0.433751,0.770579
7,1202,0.419409,0.875236,0.674748
7,1206,0.344176,0.90674,0.870983
7,1209,0.439379,0.653346,0.925439
8,1205,0.253696,0.300968,0.320465
8,1207,0.457518,0.0361555,0.509724
8,1203,0.0129973,0.511225,0.107003
8,1204,0.936503,0.655995,0.492853
8,1210,0.892459,0.819633,0.361642
8,1208,0.772672,0.803359,0.0203558
8,1201,0.240605,0.433772,0.770616
8,1202,0.419418,0.875243,0.674727
8,1206,0.344157,0.906704,0.870994
8,1209,0.439354,0.653309,0.92543
9,1205,0.253654,0.300978,0.320472
9,1207,0.457492,0.0361517,0.509735
9,1203,0.0130078,0.511222,0.107015
9,1204,0.936471,0.656013,0.492912
9,1210,0.8925,0.819637,0.361638
9,1208,0.772692,0.803329,0.0203593
9,1201,0.2406,0.433793,0.770653
9,1202,0.419427,0.875249,0.674705
9,1206,0.344137,0.906669,0.871005
9,1209,0.439329,0.653271,0.925421
10,1205,0.253612,0.300989,0.320478
10,1207,0.457466,0.0361476,0.509747
10,1203,0.0130182,0.51122,0.107026
10,1204,0.936439,0.65603,0.492972
10,1210,0.89254,0.819642,0.361634
10,1208,0.772712,0.803298,0.0203633
10,1201,0.240595,0.433814,0.77069
10,1202,0.419435,0.875256,0.674684
10,1206,0.344119,0.906634,0.871016
10,1209,0.439304,0.653234,0.925412
11,1205,0.253569,0.301,0.320485
11,1207,0.457441,0.0361433,0.509759
11,1203,0.0130284,0.511217,0.107036
11,1204,0.936407,0.656048,0.493032
11,1210,0.892581,0.819647,0.36163
11,1208,0.772733,0.803268,0.0203677
11,1201,0.240591,0.433835,0.770728
11,1202,0.419442,0.875262,0.674662
11,1206,0.344101,0.9066,0.871027
11,1209,0.439279,0.653196,0.925402
12,1205,0.253526,0.30101,0.320492
12,1207,0.457416,0.0361387,0.50977
12,1203,0.0130386,0.511215,0.107047
12,1204,0.936375,0.656065,0.493092
12,1210,0.892622,0.819652,0.361625
12,1208,0.772754,0.803237,0.0203727
12,1201,0.240586,0.433856,0.770767
12,1202,0.41945,0.875268,0.67464
12,1206,0.344083,0.906566,0.871038
12,1209,0.439253,0.653159,0.925392
13,1205,0.253483,0.301021,0.320499
13,1207,0.457391,0.0361339,0.509782
13,1203,0.0130485,0.511213,0.107056
13,1204,0.936343,0.656083,0.493152
13,1210,0.892663,0.819658,0.361621
13,1208,0.772776,0.803206,0.0203782
13,1201,0.240582,0.433878,0.770806
13,1202,0.419457,0.875273,0.674619
13,1206,0.344066,0.906532,0.871048
13,1209,0.439228,0.653121,0.925382
14,1205,0.253439,0.301032,0.320506
14,1207,0.457367,0.0361289,0.509794
14,1203,0.0130584,0.511211,0.107066
14,1204,0.936311,0.656101,0.493212
14,1210,0.892704,0.819663,0.361616
14,1208,0.772798,0.803175,0.0203841
14,1201,0.240577,0.4339,0.770845
14,1202,0.419463,0.875279,0.674597
14,1206,0.344049,0.906499,0.871058
14,1209,0.439201,0.653083,0.925372
15,1205,0.253395,0.301043,0.320513
15,1207,0.457344,0.0361236,0.509806
15,1203,0.0130681,0.511209,0.107074
15,1204,0.936279,0.656119,0.493272
15,1210,0.892745,0.819668,0.361611
15,1208,0.772821,0.803143,0.0203906
15,1201,0.240573,0.433921,0.770884
15,1202,0.41947,0.875284,0.674574
15,1206,0.344033,0.906466,0.871068
15,1209,0.439175,0.653046,0.925362
16,1205,0.253351,0.301054,0.32052
16,1207,0.45732,0.0361181,0.509819
16,1203,0.0130777,0.511207,0.107083
16,1204,0.936247,0.656137,0.493332
16,1210,0.892786,0.819674,0.361606
16,1208,0.772844,0.803112,0.0203975
16,1201,0.240569,0.433943,0.770925
16,1202,0.419476,0.875289,0.674552
16,1206,0.344017,0.906433,0.871078
16,1209,0.439148,0.653008,0.925352
17,1205,0.253306,0.301065,0.320527
17,1207,0.457297,0.0361124,0.509831
17,1203,0.0130872,0.511205,0.107091
17,1204,0.936215,0.656155,0.493392
17,1210,0.892827,0.819679,0.361601
17,1208,0.772867,0.80308,0.0204049
17,1201,0.240565,0.433966,0.770965
17,1202,0.419481,0.875294,0.67453
17,1206,0.344002,0.906401,0.871087
17,1209,0.439121,0.652971,0.925341
18,1205,0.253262,0.301077,0.320535
18,1207,0.457275,0.0361064,0.509843
18,1203,0.0130965,0.511204,0.107098
18,1204,0.936183,0.656173,0.493452
18,1210,0.892868,0.819685,0.361596
18,1208,0.772891,0.803048,0.0204128
18,1201,0.240561,0.433988,0.771006
18,1202,0.419487,0.875298,0.674508
18,1206,0.343987,0.906369,0.871097
18,1209,0.439094,0.652933,0.92533
19,1205,0.253217,0.301088,0.320542
19,1207,0.457253,0.0361002,0.509856
19,1203,0.0131057,0.511203,0.107105
19,1204,0.936151,0.656192,0.493512
19,1210,0.89291,0.819691,0.361591
19,1208,0.772915,0.803016,0.0204213
19,1201,0.240557,0.43401,0.771047
19,1202,0.419492,0.875302,0.674485
19,1206,0.343973,0.906337,0.871106
19,1209,0.439067,0.652895,0.925319
20,1205,0.253171,0.301099,0.32055
20,1207,0.457231,0.0360938,0.509868
20,1203,0.0131148,0.511202,0.107112
20,1204,0.936119,0.65621,0.493572
20,1210,0.892951,0.819696,0.361585
20,1208,0.772939,0.802984,0.0204302
20,1201,0.240554,0.434033,0.771088
20,1202,0.419496,0.875307,0.674463
20,1206,0.343959,0.906305,0.871114
20,1209,0.439039,0.652858,0.925308
21,1205,0.253126,0.301111,0.320558
21,1207,0.45721,0.0360872,0.509881
21,1203,0.0131237,0.511201,0.107118
21,1204,0.936087,0.656228,0.493633
21,1210,0.892993,0.819702,0.361579
21,1208,0.772964,0.802951,0.0204396
21,1201,0.24055,0.434055,0.77113
21,1202,0.419501,0.87531,0.67444
21,1206,0.343946,0.906274,0.871123
21,1209,0.439011,0.65282,0.925297
22,1205,0.25308,0.301122,0.320566
22,1207,0.457189,0.0360803,0.509894
22,1203,0.0131325,0.5112,0.107123
22,1204,0.936055,0.656247,0.493693
22,1210,0.893034,0.819708,0.361573
22,1208,0.772989,0.802919,0.0204494
22,1201,0.240547,0.434078,0.771173
22,1202,0.419505,0.875314,0.674417
22,1206,0.343933,0.906244,0.871131
22,1209,0.438983,0.652783,0.925286
23,1205,0.253034,0.301134,0.320574
23,1207,0.457169,0.0360731,0.509907
23,1203,0.0131412,0.5112,0.107128
23,1204,0.936023,0.656265,0.493753
23,1210,0.893075,0.819714,0.361567
23,1208,0.773015,0.802886,0.0204598
23,1201,0.240543,0.434101,0.771215
23,1202,0.419508,0.875318,0.674395
23,1206,0.343921,0.906213,0.871139
23,1209,0.438955,0.652745,0.925275
24,1205,0.252988,0.301145,0.320582
24,1207,0.457149,0.0360658,0.509919
24,1203,0.0131497,0.5112,0.107133
24,1204,0.935991,0.656284,0.493813
24,1210,0.893117,0.819721,0.361561
24,1208,0.773041,0.802853,0.0204707
24,1201,0.24054,0.434124,0.771258
24,1202,0.419511,0.875321,0.674372
24,1206,0.343909,0.906183,0.871147
24,1209,0.438926,0.652708,0.925263
25,1205,0.252941,0.301157,0.32059
25,1207,0.45713,0.0360582,0.509932
25,1203,0.0131581,0.5112,0.107137
25,1204,0.935959,0.656302,0.493873
25,1210,0.893159,0.819727,0.361554
25,1208,0.773068,0.80282,0.0204821
25,1201,0.240536,0.434147,0.771301
25,1202,0.419514,0.875324,0.674349
25,1206,0.343898,0.906153,0.871155
25,1209,0.438898,0.65267,0.925251
26,1205,0.252894,0.301169,0.320599
26,1207,0.457111,0.0360504,0.509945
26,1203,0.0131663,0.5112,0.107141
26,1204,0.935927,0.656321,0.493933
26,1210,0.8932,0.819733,0.361548
26,1208,0.773095,0.802787,0.0204939
26,1201,0.240533,0.43417,0.771345
26,1202,0.419517,0.875327,0.674326
26,1206,0.343888,0.906124,0.871162
26,1209,0.438869,0.652633,0.92524
27,1205,0.252847,0.301181,0.320607
27,1207,0.457092,0.0360424,0.509958
27,1203,0.0131744,0.5112,0.107144
27,1204,0.935895,0.656339,0.493993
27,1210,0.893242,0.81974,0.361541
27,1208,0.773122,0.802754,0.0205063
27,1201,0.24053,0.434194,0.771389
27,1202,0.419519,0.875329,0.674302
27,1206,0.343878,0.906095,0.87117
27,1209,0.43884,0.652596,0.925228
28,1205,0.2528,0.301193,0.320616
28,1207,0.457074,0.0360341,0.509972
28,1203,0.0131824,0.5112,0.107147
28,1204,0.935863,0.656358,0.494053
28,1210,0.893284,0.819746,0.361534
28,1208,0.773149,0.80272,0.0205191
28,1201,0.240527,0.434217,0.771433
28,1202,0.419521,0.875331,0.674279
28,1206,0.343868,0.906066,0.871176
28,1209,0.43881,0.652559,0.925216
29,1205,0.252752,0.301205,0.320624
29,1207,0.457057,0.0360256,0.509985
29,1203,0.0131902,0.511201,0.10715
29,1204,0.935832,0.656376,0.494113
29,1210,0.893325,0.819753,0.361527
29,1208,0.773177,0.802687,0.0205325
29,1201,0.240524,0.434241,0.771477
29,1202,0.419523,0.875334,0.674256
29,1206,0.343859,0.906038,0.871183
29,1209,0.438781,0.652522,0.925203
30,1205,0.252704,0.301217,0.320633
30,1207,0.45704,0.0360169,0.509998
30,1203,0.0131979,0.511202,0.107151
30,1204,0.9358,0.656395,0.494174
30,1210,0.893367,0.819759,0.36152
30,1208,0.773206,0.802653,0.0205463
30,1201,0.240521,0.434265,0.771522
30,1202,0.419524,0.875336,0.674232
30,1206,0.34385,0.90601,0.87119
30,1209,0.438752,0.652485,0.925191
31,1205,0.252656,0.301229,0.320642
31,1207,0.457023,0.0360079,0.510011
31,1203,0.0132055,0.511203,0.107153
31,1204,0.935768,0.656414,0.494234
31,1210,0.893409,0.819766,0.361512
31,1208,0.773235,0.802619,0.0205606
31,1201,0.240518,0.434288,0.771567
31,1202,0.419525,0.875337,0.674209
31,1206,0.343842,0.905982,0.871196
31,1209,0.438722,0.652448,0.925179
32,1205,0.252608,0.301241,0.32065
32,1207,0.457007,0.0359987,0.510024
32,1203,0.0132129,0.511204,0.107154
32,1204,0.935737,0.656432,0.494294
32,1210,0.893451,0.819773,0.361505
32,1208,0.773264,0.802585,0.0205754
32,1201,0.240515,0.434312,0.771612
32,1202,0.419526,0.875339,0.674185
32,1206,0.343835,0.905955,0.871202
32,1209,0.438692,0.652411,0.925166
33,1205,0.252559,0.301253,0.320659
33,1207,0.456991,0.0359893,0.510038
33,1203,0.0132202,0.511206,0.107155
33,1204,0.935705,0.656451,0.494353
33,1210,0.893492,0.81978,0.361497
33,1208,0.773293,0.802551,0.0205907
33,1201,0.240512,0.434336,0.771658
33,1202,0.419527,0.87534,0.674162
33,1206,0.343828,0.905928,0.871208
33,1209,0.438662,0.652374,0.925154
34,1205,0.252511,0.301265,0.320668
34,1207,0.456976,0.0359797,0.510051
34,1203,0.0132273,0.511207,0.107155
34,1204,0.935674,0.656469,0.494413
34,1210,0.893534,0.819787,0.361489
34,1208,0.773323,0.802517,0.0206065
34,1201,0.240509,0.434361,0.771703
34,1202,0.419527,0.875341,0.674138
34,1206,0.343821,0.905901,0.871213
34,1209,0.438632,0.652338,0.925141
35,1205,0.252462,0.301278,0.320678
35,1207,0.456961,0.0359699,0.510065
35,1203,0.0132343,0.511209,0.107154
35,1204,0.935643,0.656488,0.494473
35,1210,0.893576,0.819794,0.361481
35,1208,0.773353,0.802482,0.0206228
35,1201,0.240506,0.434385,0.771749
35,1202,0.419526,0.875342,0.674114
35,1206,0.343815,0.905875,0.871219
35,1209,0.438602,0.652301,0.925128
36,1205,0.252412,0.30129,0.320687
36,1207,0.456947,0.0359598,0.510078
36,1203,0.0132411,0.511211,0.107154
36,1204,0.935611,0.656506,0.494533
36,1210,0.893618,0.819801,0.361473
36,1208,0.773384,0.802448,0.0206395
36,1201,0.240503,0.434409,0.771796
36,1202,0.419526,0.875343,0.674091
36,1206,0.34381,0.905849,0.871224
36,1209,0.438571,0.652265,0.925115
37,1205,0.252363,0.301302,0.320696
37,1207,0.456933,0.0359495,0.510092
37,1203,0.0132478,0.511214,0.107152
37,1204,0.93558,0.656525,0.494593
37,1210,0.89366,0.819808,0.361464
37,1208,0.773415,0.802413,0.0206568
37,1201,0.2405,0.434434,0.771842
37,1202,0.419525,0.875343,0.674067
37,1206,0.343805,0.905824,0.871229
37,1209,0.438541,0.652228,0.925102
38,1205,0.252314,0.301315,0.320705
38,1207,0.45692,0.035939,0.510105
38,1203,0.0132544,0.511216,0.107151
38,1204,0.935549,0.656543,0.494652
38,1210,0.893702,0.819815,0.361456
38,1208,0.773446,0.802378,0.0206745
38,1201,0.240497,0.434458,0.771889
38,1202,0.419524,0.875344,0.674043
38,1206,0.3438,0.905798,0.871233
38,1209,0.43851,0.652192,0.925089
39,1205,0.252264,0.301327,0.320715
39,1207,0.456907,0.0359282,0.510119
39,1203,0.0132608,0.511219,0.107149
39,1204,0.935518,0.656562,0.494712
39,1210,0.893744,0.819822,0.361447
39,1208,0.773478,0.802343,0.0206928
39,1201,0.240494,0.434483,0.771936
39,1202,0.419523,0.875344,0.674019
39,1206,0.343797,0.905773,0.871238
39,1209,0.438479,0.652156,0.925076
40,1205,0.252214,0.30134,0.320724
40,1207,0.456895,0.0359172,0.510132
40,1203,0.0132671,0.511222,0.107146
40,1204,0.935487,0.65658,0.494772
40,1210,0.893786,0.81983,0.361438
40,1208,0.77351,0.802308,0.0207115
40,1201,0.240491,0.434507,0.771983
40,1202,0.419521,0.875344,0.673995
40,1206,0.343793,0.905749,0.871242
40,1209,0.438448,0.652121,0.925063
41,1205,0.252164,0.301353,0.320734
41,1207,0.456883,0.035906,0.510146
41,1203,0.0132732,0.511225,0.107143
41,1204,0.935456,0.656598,0.494831
41,1210,0.893827,0.819837,0.361429
41,1208,0.773542,0.802273,0.0207307
41,1201,0.240488,0.434532,0.77203
41,1202,0.419519,0.875343,0.673971
41,1206,0.34379,0.905724,0.871246
41,1209,0.438417,0.652085,0.925049
42,1205,0.252113,0.301366,0.320744
42,1207,0.456872,0.0358946,0.510159
42,1203,0.0132792,0.511228,0.10714
42,1204,0.935426,0.656616,0.494891
42,1210,0.893869,0.819845,0.36142
42,1208,0.773574,0.802238,0.0207504
42,1201,0.240485,0.434557,0.772077
42,1202,0.419517,0.875343,0.673946
42,1206,0.343788,0.905701,0.87125
42,1209,0.438386,0.652049,0.925036
43,1205,0.252063,0.301378,0.320753
43,1207,0.456861,0.035883,0.510173
43,1203,0.013285,0.511232,0.107136
43,1204,0.935395,0.656635,0.49495
43,1210,0.893911,0.819852,0.361411
43,1208,0.773607,0.802202,0.0207705
43,1201,0.240482,0.434582,0.772125
43,1202,0.419514,0.875342,0.673922
43,1206,0.343786,0.905677,0.871253
43,1209,0.438355,0.652014,0.925022
44,1205,0.252012,0.301391,0.320763
44,1207,0.456851,0.0358711,0.510186
44,1203,0.0132907,0.511235,0.107132
44,1204,0.935364,0.656653,0.495009
44,1210,0.893953,0.81986,0.361401
44,1208,0.773641,0.802166,0.0207912
44,1201,0.240479,0.434607,0.772173
44,1202,0.419511,0.875341,0.673898
44,1206,0.343785,0.905654,0.871256
44,1209,0.438324,0.651979,0.925009
45,1205,0.251961,0.301404,0.320773
45,1207,0.456841,0.035859,0.5102
45,1203,0.0132962,0.511239,0.107127
45,1204,0.935334,0.656671,0.495069
45,1210,0.893995,0.819867,0.361391
45,1208,0.773674,0.802131,0.0208123
45,1201,0.240476,0.434632,0.772221
45,1202,0.419508,0.87534,0.673874
45,1206,0.343784,0.905631,0.87126
45,1209,0.438293,0.651944,0.924995
46,1205,0.25191,0.301417,0.320783
46,1207,0.456832,0.0358467,0.510213
46,1203,0.0133016,0.511243,0.107122
46,1204,0.935304,0.656689,0.495128
46,1210,0.894037,0.819875,0.361382
46,1208,0.773708,0.802095,0.0208339
46,1201,0.240473,0.434657,0.772269
46,1202,0.419505,0.875339,0.673849
46,1206,0.343784,0.905608,0.871262
46,1209,0.438261,0.651909,0.924981
47,1205,0.251859,0.301431,0.320793
47,1207,0.456823,0.0358342,0.510227
47,1203,0.0133068,0.511248,0.107116
47,1204,0.935273,0.656707,0.495187
47,1210,0.894079,0.819882,0.361372
47,1208,0.773743,0.802059,0.020856
47,1201,0.24047,0.434682,0.772317
47,1202,0.419501,0.875338,0.673825
47,1206,0.343784,0.905586,0.871265
47,1209,0.43823,0.651875,0.924968
48,1205,0.251808,0.301444,0.320803
48,1207,0.456815,0.0358215,0.51024
48,1203,0.0133119,0.511252,0.10711
48,1204,0.935243,0.656724,0.495246
48,1210,0.894121,0.81989,0.361361
48,1208,0.773777,0.802023,0.0208786
48,1201,0.240467,0.434708,0.772366
48,1202,0.419497,0.875336,0.6738
48,1206,0.343785,0.905564,0.871267
48,1209,0.438199,0.65184,0.924954
49,1205,0.251756,0.301457,0.320813
49,1207,0.456807,0.0358085,0.510254
49,1203,0.0133168,0.511257,0.107104
49,1204,0.935213,0.656742,0.495305
49,1210,0.894163,0.819898,0.361351
49,1208,0.773812,0.801987,0.0209016
49,1201,0.240463,0.434733,0.772414
49,1202,0.419493,0.875334,0.673776
49,1206,0.343787,0.905543,0.87127
49,1209,0.438167,0.651806,0.92494
50,1205,0.251705,0.30147,0.320823
50,1207,0.4568,0.0357954,0.510267
50,1203,0.0133216,0.511262,0.107097
50,1204,0.935183,0.65676,0.495363
50,1210,0.894204,0.819906,0.36134
50,1208,0.773848,0.801951,0.0209251
50,1201,0.24046,0.434758,0.772463
50,1202,0.419488,0.875332,0.673751
50,1206,0.343789,0.905521,0.871272
50,1209,0.438135,0.651772,0.924926
51,1205,0.251653,0.301484,0.320834
51,1207,0.456794,0.035782,0.510281
51,1203,0.0133262,0.511267,0.10709
51,1204,0.935154,0.656777,0.495422
51,1210,0.894246,0.819913,0.36133
51,1208,0.773883,0.801914,0.0209491
51,1201,0.240457,0.434784,0.772511
51,1202,0.419484,0.87533,0.673727
51,1206,0.343791,0.905501,0.871273
51,1209,0.438104,0.651738,0.924912
52,1205,0.251601,0.301497,0.320844
52,1207,0.456787,0.0357684,0.510294
52,1203,0.0133307,0.511272,0.107082
52,1204,0.935124,0.656795,0.495481
52,1210,0.894288,0.819921,0.361319
52,1208,0.773919,0.801878,0.0209735
52,1201,0.240453,0.434809,0.77256
52,1202,0.419479,0.875328,0.673702
52,1206,0.343794,0.90548,0.871275
52,1209,0.438072,0.651705,0.924898
53,1205,0.251549,0.301511,0.320854
53,1207,0.456782,0.0357546,0.510308
53,1203,0.013335,0.511278,0.107074
53,1204,0.935094,0.656812,0.495539
53,1210,0.89433,0.819929,0.361308
53,1208,0.773955,0.801841,0.0209985
53,1201,0.240449,0.434835,0.772609
53,1202,0.419473,0.875326,0.673677
53,1206,0.343797,0.90546,0.871276
53,1209,0.43804,0.651671,0.924884
54,1205,0.251497,0.301525,0.320864
54,1207,0.456777,0.0357405,0.510321
54,1203,0.0133391,0.511284,0.107066
54,1204,0.935065,0.656829,0.495598
54,1210,0.894371,0.819937,0.361297
54,1208,0.773992,0.801804,0.0210239
54,1201,0.240446,0.434861,0.772658
54,1202,0.419468,0.875323,0.673653
54,1206,0.343801,0.90544,0.871277
54,1209,0.438009,0.651638,0.92487
55,1205,0.251444,0.301538,0.320875
55,1207,0.456772,0.0357263,0.510335
55,1203,0.0133431,0.51129,0.107057
55,1204,0.935036,0.656846,0.495656
55,1210,0.894413,0.819945,0.361286
55,1208,0.774029,0.801768,0.0210497
55,1201,0.240442,0.434886,0.772707
55,1202,0.419462,0.87532,0.673628
55,1206,0.343806,0.905421,0.871278
55,1209,0.437977,0.651605,0.924856
56,1205,0.251392,0.301552,0.320885
56,1207,0.456768,0.0357119,0.510348
56,1203,0.0133469,0.511296,0.107048
56,1204,0.935007,0.656863,0.495714
56,1210,0.894455,0.819953,0.361274
56,1208,0.774066,0.801731,0.021076
56,1201,0.240438,0.434912,0.772757
56,1202,0.419456,0.875317,0.673603
56,1206,0.343811,0.905401,0.871279
56,1209,0.437945,0.651573,0.924842
57,1205,0.251339,0.301566,0.320896
57,1207,0.456765,0.0356972,0.510361
57,1203,0.0133506,0.511302,0.107038
57,1204,0.934978,0.65688,0.495772
57,1210,0.894496,0.819961,0.361262
57,1208,0.774103,0.801694,0.0211028
57,1201,0.240434,0.434938,0.772806
57,1202,0.41945,0.875314,0.673578
57,1206,0.343817,0.905383,0.871279
57,1209,0.437913,0.65154,0.924827
58,1205,0.251287,0.30158,0.320906
58,1207,0.456762,0.0356823,0.510374
58,1203,0.0133541,0.511309,0.107028
58,1204,0.934949,0.656896,0.49583
58,1210,0.894538,0.819969,0.361251
58,1208,0.774141,0.801656,0.0211301
58,1201,0.24043,0.434964,0.772855
58,1202,0.419443,0.875311,0.673554
58,1206,0.343823,0.905364,0.871279
58,1209,0.437882,0.651508,0.924813
59,1205,0.251234,0.301594,0.320917
59,1207,0.456759,0.0356673,0.510388
59,1203,0.0133575,0.511316,0.107018
59,1204,0.93492,0.656913,0.495888
59,1210,0.894579,0.819977,0.361239
59,1208,0.774179,0.801619,0.0211578
59,1201,0.240426,0.43499,0.772904
59,1202,0.419437,0.875307,0.673529
59,1206,0.343829,0.905346,0.871279
59,1209,0.43785,0.651476,0.924799
60,1205,0.251181,0.301609,0.320927
60,1207,0.456757,0.035652,0.510401
60,1203,0.0133607,0.511323,0.107007
60,1204,0.934892,0.656929,0.495945
60,1210,0.89462,0.819986,0.361227
60,1208,0.774217,0.801582,0.021186
60,1201,0.240422,0.435016,0.772954
60,1202,0.41943,0.875304,0.673504
60,1206,0.343836,0.905328,0.871279
60,1209,0.437818,0.651445,0.924784
61,1205,0.251128,0.301623,0.320938
61,1207,0.456756,0.0356365,0.510414
61,1203,0.0133637,0.51133,0.106996
61,1204,0.934863,0.656945,0.496003
61,1210,0.894662,0.819994,0.361214
61,1208,0.774255,0.801544,0.0212146
61,1201,0.240417,0.435042,0.773003
61,1202,0.419422,0.8753,0.673479
61,1206,0.343844,0.90531,0.871278
61,1209,0.437786,0.651413,0.92477
62,1205,0.251075,0.301637,0.320949
62,1207,0.456755,0.0356208,0.510427
62,1203,0.0133666,0.511337,0.106984
62,1204,0.934835,0.656961,0.49606
62,1210,0.894703,0.820002,0.361202
62,1208,0.774294,0.801507,0.0212437
62,1201,0.240413,0.435068,0.773053
62,1202,0.419415,0.875296,0.673454
62,1206,0.343852,0.905293,0.871278
62,1209,0.437754,0.651382,0.924756
63,1205,0.251022,0.301652,0.320959
63,1207,0.456755,0.0356049,0.51044
63,1203,0.0133693,0.511345,0.106972
63,1204,0.934807,0.656977,0.496118
63,1210,0.894744,0.82001,0.361189
63,1208,0.774333,0.801469,0.0212732
63,1201,0.240408,0.435094,0.773102
63,1202,0.419407,0.875292,0.673429
63,1206,0.343861,0.905276,0.871277
63,1209,0.437722,0.651351,0.924741
64,1205,0.250969,0.301666,0.32097
64,1207,0.456755,0.0355888,0.510452
64,1203,0.0133718,0.511353,0.10696
64,1204,0.934779,0.656993,0.496175
64,1210,0.894786,0.820018,0.361177
64,1208,0.774373,0.801431,0.0213032
64,1201,0.240404,0.43512,0.773152
64,1202,0.4194,0.875287,0.673404
64,1206,0.34387,0.90526,0.871276
64,1209,0.43769,0.651321,0.924727
65,1205,0.250916,0.301681,0.320981
65,1207,0.456756,0.0355725,0.510465
65,1203,0.0133742,0.511361,0.106947
65,1204,0.934751,0.657008,0.496232
65,1210,0.894827,0.820027,0.361164
65,1208,0.774412,0.801394,0.0213336
65,1201,0.240399,0.435146,0.773201
65,1202,0.419391,0.875283,0.67338
65,1206,0.34388,0.905244,0.871274
65,1209,0.437659,0.65129,0.924712
66,1205,0.250862,0.301696,0.320991
66,1207,0.456757,0.035556,0.510478
66,1203,0.0133764,0.511369,0.106934
66,1204,0.934724,0.657024,0.496289
66,1210,0.894868,0.820035,0.361151
66,1208,0.774452,0.801356,0.0213645
66,1201,0.240394,0.435172,0.773251
66,1202,0.419383,0.875278,0.673355
66,1206,0.34389,0.905228,0.871273
66,1209,0.437627,0.651261,0.924698
67,1205,0.250809,0.30171,0.321002
67,1207,0.456759,0.0355393,0.510491
67,1203,0.0133784,0.511377,0.10692
67,1204,0.934696,0.657039,0.496346
67,1210,0.894909,0.820043,0.361137
67,1208,0.774492,0.801318,0.0213959
67,1201,0.240388,0.435198,0.7733
67,1202,0.419375,0.875274,0.67333
67,1206,0.343901,0.905212,0.871271
67,1209,0.437595,0.651231,0.924683
68,1205,0.250755,0.301725,0.321013
68,1207,0.456761,0.0355224,0.510503
68,1203,0.0133803,0.511386,0.106906
68,1204,0.934669,0.657054,0.496402
68,1210,0.894949,0.820051,0.361124
68,1208,0.774533,0.801279,0.0214276
68,1201,0.240383,0.435224,0.77335
68,1202,0.419366,0.875269,0.673305
68,1206,0.343912,0.905197,0.871269
68,1209,0.437563,0.651202,0.924669
69,1205,0.250702,0.30174,0.321024
69,1207,0.456764,0.0355053,0.510516
69,1203,0.013382,0.511395,0.106892
69,1204,0.934642,0.657068,0.496459
69,1210,0.89499,0.82006,0.361111
69,1208,0.774573,0.801241,0.0214599
69,1201,0.240378,0.435251,0.773399
69,1202,0.419357,0.875264,0.67328
69,1206,0.343924,0.905182,0.871267
69,1209,0.437531,0.651172,0.924654
70,1205,0.250648,0.301755,0.321034
70,1207,0.456768,0.035488,0.510528
70,1203,0.0133836,0.511404,0.106877
70,1204,0.934615,0.657083,0.496515
70,1210,0.895031,0.820068,0.361097
70,1208,0.774614,0.801203,0.0214925
70,1201,0.240372,0.435277,0.773449
70,1202,0.419348,0.875259,0.673255
70,1206,0.343936,0.905168,0.871265
70,1209,0.4375,0.651144,0.92464
71,1205,0.250594,0.30177,0.321045
71,1207,0.456772,0.0354706,0.51054
71,1203,0.013385,0.511413,0.106862
71,1204,0.934588,0.657097,0.496571
71,1210,0.895072,0.820076,0.361083
71,1208,0.774655,0.801165,0.0215256
71,1201,0.240366,0.435303,0.773498
71,1202,0.419338,0.875253,0.67323
71,1206,0.343949,0.905154,0.871262
71,1209,0.437468,0.651115,0.924625
72,1205,0.250541,0.301786,0.321056
72,1207,0.456776,0.0354529,0.510552
72,1203,0.0133862,0.511423,0.106847
72,1204,0.934562,0.657111,0.496627
72,1210,0.895112,0.820085,0.361069
72,1208,0.774696,0.801126,0.0215591
72,1201,0.24036,0.435329,0.773547
72,1202,0.419329,0.875248,0.673205
72,1206,0.343962,0.90514,0.87126
72,1209,0.437436,0.651087,0.924611
73,1205,0.250487,0.301801,0.321067
73,1207,0.456781,0.0354351,0.510565
73,1203,0.0133872,0.511433,0.106831
73,1204,0.934535,0.657125,0.496683
73,1210,0.895152,0.820093,0.361055
73,1208,0.774738,0.801088,0.0215931
73,1201,0.240354,0.435356,0.773597
73,1202,0.419319,0.875242,0.67318
73,1206,0.343976,0.905126,0.871257
73,1209,0.437405,0.65106,0.924596
74,1205,0.250433,0.301817,0.321077
74,1207,0.456787,0.0354171,0.510577
74,1203,0.0133881,0.511443,0.106815
74,1204,0.934509,0.657139,0.496738
74,1210,0.895193,0.820101,0.361041
74,1208,0.77478,0.801049,0.0216275
74,1201,0.240348,0.435382,0.773646
74,1202,0.419309,0.875236,0.673155
74,1206,0.34399,0.905113,0.871254
74,1209,0.437373,0.651032,0.924582
75,1205,0.250379,0.301832,0.321088
75,1207,0.456793,0.0353989,0.510588
75,1203,0.0133888,0.511453,0.106799
75,1204,0.934483,0.657153,0.496794
75,1210,0.895233,0.82011,0.361026
75,1208,0.774822,0.80101,0.0216623
75,1201,0.240341,0.435408,0.773695
75,1202,0.419299,0.87523,0.67313
75,1206,0.344005,0.9051,0.871251
75,1209,0.437341,0.651005,0.924567
76,1205,0.250326,0.301848,0.321099
76,1207,0.4568,0.0353805,0.5106
76,1203,0.0133893,0.511463,0.106782
76,1204,0.934458,0.657166,0.496849
76,1210,0.895273,0.820118,0.361012
76,1208,0.774864,0.800971,0.0216975
76,1201,0.240334,0.435434,0.773744
76,1202,0.419289,0.875224,0.673105
76,1206,0.34402,0.905088,0.871247
76,1209,0.43731,0.650978,0.924553
77,1205,0.250272,0.301863,0.32111
77,1207,0.456807,0.0353619,0.510612
77,1203,0.0133897,0.511474,0.106765
77,1204,0.934432,0.657179,0.496904
77,1210,0.895313,0.820126,0.360997
77,1208,0.774906,0.800933,0.0217331
77,1201,0.240328,0.43546,0.773793
77,1202,0.419278,0.875218,0.67308
77,1206,0.344036,0.905076,0.871244
77,1209,0.437278,0.650952,0.924538
78,1205,0.250218,0.301879,0.32112
78,1207,0.456815,0.0353432,0.510623
78,1203,0.0133899,0.511484,0.106748
78,1204,0.934407,0.657192,0.496959
78,1210,0.895353,0.820135,0.360982
78,1208,0.774949,0.800894,0.0217692
78,1201,0.24032,0.435486,0.773842
78,1202,0.419267,0.875212,0.673055
78,1206,0.344052,0.905064,0.87124
78,1209,0.437247,0.650926,0.924524
79,1205,0.250164,0.301895,0.321131
79,1207,0.456823,0.0353243,0.510635
79,1203,0.0133899,0.511495,0.10673
79,1204,0.934382,0.657204,0.497014
79,1210,0.895393,0.820143,0.360968
79,1208,0.774992,0.800855,0.0218057
79,1201,0.240313,0.435513,0.773891
79,1202,0.419256,0.875205,0.67303
79,1206,0.344069,0.905052,0.871236
79,1209,0.437216,0.6509,0.924509
80,1205,0.25011,0.301911,0.321142
80,1207,0.456832,0.0353052,0.510646
80,1203,0.0133897,0.511507,0.106712
80,1204,0.934357,0.657217,0.497069
80,1210,0.895433,0.820151,0.360952
80,1208,0.775035,0.800816,0.0218426
80,1201,0.240306,0.435539,0.77394
80,1202,0.419245,0.875198,0.673005
80,1206,0.344086,0.905041,0.871232
80,1209,0.437184,0.650875,0.924495
81,1205,0.250056,0.301927,0.321152
81,1207,0.456842,0.0352859,0.510657
81,1203,0.0133894,0.511518,0.106693
81,1204,0.934332,0.657229,0.497123
81,1210,0.895472,0.82016,0.360937
81,1208,0.775078,0.800776,0.0218799
81,1201,0.240298,0.435565,0.773989
81,1202,0.419234,0.875192,0.67298
81,1206,0.344104,0.90503,0.871228
81,1209,0.437153,0.65085,0.92448
82,1205,0.250002,0.301943,0.321163
82,1207,0.456851,0.0352665,0.510668
82,1203,0.0133889,0.511529,0.106674
82,1204,0.934307,0.657241,0.497177
82,1210,0.895512,0.820168,0.360922
82,1208,0.775121,0.800737,0.0219176
82,1201,0.24029,0.435591,0.774037
82,1202,0.419223,0.875185,0.672955
82,1206,0.344122,0.905019,0.871223
82,1209,0.437122,0.650826,0.924466
83,1205,0.249948,0.30196,0.321173
83,1207,0.456862,0.0352469,0.510679
83,1203,0.0133882,0.511541,0.106655
83,1204,0.934283,0.657252,0.497231
83,1210,0.895551,0.820176,0.360906
83,1208,0.775165,0.800698,0.0219557
83,1201,0.240282,0.435617,0.774086
83,1202,0.419211,0.875178,0.67293
83,1206,0.344141,0.905009,0.871219
83,1209,0.437091,0.650801,0.924451
84,1205,0.249894,0.301976,0.321184
84,1207,0.456873,0.0352272,0.510689
84,1203,0.0133873,0.511553,0.106636
84,1204,0.934259,0.657264,0.497285
84,1210,0.89559,0.820184,0.360891
84,1208,0.775209,0.800659,0.0219942
84,1201,0.240274,0.435643,0.774134
84,1202,0.419199,0.87517,0.672905
84,1206,0.34416,0.904999,0.871214
84,1209,0.437059,0.650778,0.924437
85,1205,0.249841,0.301993,0.321194
85,1207,0.456884,0.0352072,0.5107
85,1203,0.0133863,0.511565,0.106616
85,1204,0.934235,0.657275,0.497339
85,1210,0.895629,0.820193,0.360875
85,1208,0.775252,0.800619,0.0220331
85,1201,0.240265,0.435669,0.774183
85,1202,0.419187,0.875163,0.67288
85,1206,0.344179,0.90499,0.871209
85,1209,0.437028,0.650754,0.924423
86,1205,0.249787,0.302009,0.321205
86,1207,0.456896,0.0351872,0.51071
86,1203,0.0133851,0.511578,0.106596
86,1204,0.934211,0.657286,0.497393
86,1210,0.895668,0.820201,0.360859
86,1208,0.775296,0.80058,0.0220724
86,1201,0.240256,0.435694,0.774231
86,1202,0.419175,0.875156,0.672856
86,1206,0.3442,0.90498,0.871204
86,1209,0.436998,0.650731,0.924408
87,1205,0.249733,0.302026,0.321215
87,1207,0.456909,0.0351669,0.51072
87,1203,0.0133837,0.51159,0.106575
87,1204,0.934188,0.657296,0.497446
87,1210,0.895707,0.820209,0.360843
87,1208,0.775341,0.800541,0.0221121
87,1201,0.240247,0.43572,0.774279
87,1202,0.419163,0.875148,0.672831
87,1206,0.34422,0.904971,0.871199
87,1209,0.436967,0.650709,0.924394
88,1205,0.249679,0.302042,0.321226
88,1207,0.456922,0.0351465,0.51073
88,1203,0.0133821,0.511603,0.106555
88,1204,0.934165,0.657307,0.497499
88,1210,0.895746,0.820217,0.360827
88,1208,0.775385,0.800501,0.0221522
88,1201,0.240238,0.435746,0.774327
88,1202,0.419151,0.87514,0.672806
88,1206,0.344241,0.904963,0.871193
88,1209,0.436936,0.650687,0.924379
89,1205,0.249625,0.302059,0.321236
89,1207,0.456936,0.0351259,0.51074
89,1203,0.0133803,0.511616,0.106533
89,1204,0.934141,0.657317,0.497552
89,1210,0.895785,0.820225,0.360811
89,1208,0.775429,0.800462,0.0221926
89,1201,0.240229,0.435772,0.774375
89,1202,0.419138,0.875133,0.672781
89,1206,0.344263,0.904955,0.871188
89,1209,0.436905,0.650665,0.924365
90,1205,0.249571,0.302076,0.321246
90,1207,0.45695,0.0351052,0.51075
90,1203,0.0133784,0.511629,0.106512
90,1204,0.934119,0.657327,0.497605
90,1210,0.895823,0.820234,0.360794
90,1208,0.775474,0.800422,0.0222335
90,1201,0.240219,0.435797,0.774422
90,1202,0.419125,0.875125,0.672756
90,1206,0.344285,0.904947,0.871182
90,1209,0.436875,0.650643,0.924351
91,1205,0.249518,0.302093,0.321257
91,1207,0.456964,0.0350844,0.510759
91,1203,0.0133763,0.511643,0.10649
91,1204,0.934096,0.657336,0.497657
91,1210,0.895861,0.820242,0.360778
91,1208,0.775519,0.800383,0.0222747
91,1201,0.240209,0.435823,0.77447
91,1202,0.419112,0.875117,0.672731
91,1206,0.344307,0.904939,0.871176
91,1209,0.436844,0.650622,0.924336
92,1205,0.249464,0.302111,0.321267
92,1207,0.45698,0.0350633,0.510769
92,1203,0.013374,0.511656,0.106468
92,1204,0.934074,0.657346,0.49771
92,1210,0.8959,0.82025,0.360761
92,1208,0.775564,0.800343,0.0223163
92,1201,0.240199,0.435848,0.774517
92,1202,0.419099,0.875108,0.672706
92,1206,0.34433,0.904932,0.87117
92,1209,0.436814,0.650602,0.924322
93,1205,0.24941,0.302128,0.321277
93,1207,0.456995,0.0350421,0.510778
93,1203,0.0133715,0.51167,0.106446
93,1204,0.934052,0.657355,0.497762
93,1210,0.895938,0.820258,0.360744
93,1208,0.775609,0.800304,0.0223582
93,1201,0.240189,0.435874,0.774564
93,1202,0.419086,0.8751,0.672681
93,1206,0.344354,0.904925,0.871164
93,1209,0.436784,0.650582,0.924308
94,1205,0.249357,0.302145,0.321287
94,1207,0.457011,0.0350208,0.510787
94,1203,0.0133688,0.511684,0.106424
94,1204,0.93403,0.657363,0.497814
94,1210,0.895975,0.820266,0.360727
94,1208,0.775654,0.800264,0.0224006
94,1201,0.240178,0.435899,0.774611
94,1202,0.419073,0.875092,0.672657
94,1206,0.344377,0.904918,0.871158
94,1209,0.436754,0.650562,0.924294
95,1205,0.249303,0.302163,0.321297
95,1207,0.457028,0.0349993,0.510796
95,1203,0.013366,0.511698,0.106401
95,1204,0.934008,0.657372,0.497866
95,1210,0.896013,0.820274,0.36071
95,1208,0.775699,0.800224,0.0224432
95,1201,0.240167,0.435924,0.774658
95,1202,0.41906,0.875083,0.672632
95,1206,0.344402,0.904912,0.871152
95,1209,0.436723,0.650543,0.924279
96,1205,0.24925,0.30218,0.321307
96,1207,0.457045,0.0349777,0.510804
96,1203,0.013363,0.511712,0.106378
96,1204,0.933987,0.65738,0.497917
96,1210,0.896051,0.820282,0.360693
96,1208,0.775744,0.800185,0.0224863
96,1201,0.240156,0.435949,0.774705
96,1202,0.419046,0.875075,0.672607
96,1206,0.344426,0.904905,0.871145
96,1209,0.436694,0.650524,0.924265
97,1205,0.249196,0.302198,0.321317
97,1207,0.457063,0.0349559,0.510813
97,1203,0.0133597,0.511726,0.106354
97,1204,0.933965,0.657388,0.497968
97,1210,0.896088,0.82029,0.360676
97,1208,0.775789,0.800145,0.0225297
97,1201,0.240144,0.435974,0.774751
97,1202,0.419032,0.875066,0.672582
97,1206,0.344452,0.9049,0.871139
97,1209,0.436664,0.650506,0.924251
98,1205,0.249143,0.302216,0.321327
98,1207,0.457081,0.034934,0.510821
98,1203,0.0133563,0.511741,0.10633
98,1204,0.933944,0.657396,0.49802
98,1210,0.896126,0.820298,0.360658
98,1208,0.775835,0.800105,0.0225735
98,1201,0.240133,0.435999,0.774798
98,1202,0.419018,0.875057,0.672557
98,1206,0.344477,0.904894,0.871132
98,1209,0.436634,0.650488,0.924237
99,1205,0.24909,0.302234,0.321336
99,1207,0.4571,0.034912,0.510829
99,1203,0.0133528,0.511756,0.106306
99,1204,0.933924,0.657403,0.498071
99,1210,0.896163,0.820306,0.360641
99,1208,0.77588,0.800066,0.0226176
99,1201,0.240121,0.436024,0.774844
99,1202,0.419004,0.875048,0.672533
99,1206,0.344503,0.904889,0.871125
99,1209,0.436604,0.65047,0.924223
100,1205,0.249037,0.302252,0.321346
100,1207,0.457119,0.0348898,0.510837
100,1203,0.013349,0.511771,0.106282
100,1204,0.933903,0.65741,0.498121
100,1210,0.8962,0.820314,0.360623
100,1208,0.775926,0.800026,0.0226621
100,1201,0.240108,0.436048,0.77489
100,1202,0.41899,0.875039,0.672508
100,1206,0.34453,0.904884,0.871118
100,1209,0.436575,0.650453,0.924209
